age,timeline,upgrades,policy,outcome,time,baseHp,deployments,foodSpent,damageTaken,damageDealt,wavesLaunched,kills,earnings,maxPlayerArmy,maxEnemyArmy,valid
0,1,0,immediate-melee,won,41.96666666666557,180,13,39,92.89,312,4,7,260,11,2,True
0,1,0,banked-melee,won,45.93333333333201,180,14,42,67.67999999999999,312,4,7,260,14,3,True
0,1,0,ranged-supported,won,67.64999999999745,180,14,60,104.99999999999999,434.0000000000002,5,8,290,8,4,True
0,1,0,heavy-supported,won,55.86666666666478,180,11,49,133.21599999999998,434,5,8,290,9,3,True
0,1,0,fixed-mixed,won,51.49999999999836,180,9,47,84.65599999999999,312,4,7,260,8,4,True
0,1,0,threat-aware,won,45.34999999999871,180,9,41,103.77600000000001,312,4,7,260,9,3,True
0,1,2,immediate-melee,won,39.949999999999015,324,16,48,83.02,312,4,7,260,14,2,True
0,1,2,banked-melee,won,45.88333333333201,324,18,54,67.67999999999999,312,4,7,260,18,3,True
0,1,2,ranged-supported,won,55.483333333331466,324,15,65,92.64,434.00000000000034,5,8,290,11,3,True
0,1,2,heavy-supported,won,48.69999999999852,324,12,52,68.91999999999999,312,4,7,260,10,3,True
0,1,2,fixed-mixed,won,49.74999999999846,324,11,55,77.04199999999999,312,4,7,260,10,3,True
0,1,2,threat-aware,won,43.216666666665496,324,10,48,87.984,312,4,7,260,10,3,True
0,3,0,immediate-melee,won,156.3166666666832,66.29759999999999,43,129,961.9456,628,5,8,311,11,4,True
0,3,0,banked-melee,won,64.38333333333097,180,19,57,217.73503999999997,628,5,8,311,12,3,True
0,3,0,ranged-supported,won,117.66666666666127,180,23,99,233.74048,628.0000000000005,5,8,311,9,4,True
0,3,0,heavy-supported,won,67.99999999999743,180,13,59,321.7024,628,5,8,311,9,4,True
0,3,0,fixed-mixed,won,76.48333333333028,180,13,67,310.45376,628.0000000000002,5,8,311,8,4,True
0,3,0,threat-aware,won,65.79999999999755,180,13,57,337.9999999999999,628,5,8,311,8,4,True
0,3,2,immediate-melee,won,93.83333333332929,324,35,105,568.7404799999999,628,5,8,311,14,3,True
0,3,2,banked-melee,won,59.066666666664595,324,23,69,206.35391999999996,628,5,8,311,17,3,True
0,3,2,ranged-supported,won,69.54999999999734,324,19,81,118.74048,628.0000000000005,5,8,311,14,4,True
0,3,2,heavy-supported,won,62.23333333333108,324,16,72,225.00095999999996,628,5,8,311,13,4,True
0,3,2,fixed-mixed,won,68.58333333333073,324,16,80,251.97823999999994,628.0000000000003,5,8,311,11,4,True
0,3,2,threat-aware,won,51.23333333333171,324,13,61,152.30176,452,4,7,281,11,3,True
1,1,0,immediate-melee,won,40.01666666666568,297,12,36,101.75,452,3,5,3384,11,2,True
1,1,0,banked-melee,won,46.94999999999862,297,14,42,109.975,548,4,8,4040,13,3,True
1,1,0,ranged-supported,won,49.799999999998455,297,10,42,100.1,548,4,8,4040,8,3,True
1,1,0,heavy-supported,won,53.68333333333157,297,9,45,152.50500000000002,548,4,8,4040,7,3,True
1,1,0,fixed-mixed,won,47.91666666666523,297,8,44,90.46999999999998,548,4,8,4040,7,3,True
1,1,0,threat-aware,won,49.46666666666514,297,9,43,191.79999999999995,548,4,8,4040,8,3,True
1,1,2,immediate-melee,won,38.3999999999991,535,15,45,91.175,452,3,5,3384,14,2,True
1,1,2,banked-melee,won,46.04999999999867,535,18,54,109.975,548,4,8,4040,17,3,True
1,1,2,ranged-supported,won,46.86666666666529,535,13,55,96.575,548,4,8,4040,11,3,True
1,1,2,heavy-supported,won,49.59999999999847,535,11,57,209.375,548,4,8,4040,9,3,True
1,1,2,fixed-mixed,won,46.49999999999864,535,9,53,138.17499999999998,548,4,8,4040,8,3,True
1,1,2,threat-aware,won,44.41666666666543,535,11,53,181.88999999999996,548,4,8,4040,11,3,True
1,3,0,immediate-melee,lost,78.14999999999685,0,22,66,1243,290,5,5,720,7,6,True
1,3,0,banked-melee,won,55.683333333331454,297,16,48,243.06400000000002,793,4,8,4320,12,3,True
1,3,0,ranged-supported,lost,96.83333333332912,0,19,81,915,592.25,5,9,1632,6,4,True
1,3,0,heavy-supported,won,135.8166666666669,107.49599999999998,22,114,1522.4047999999984,1085,5,10,4824,7,4,True
1,3,0,fixed-mixed,won,52.249999999998316,297,8,44,206.78560000000002,793,4,8,4320,7,3,True
1,3,0,threat-aware,won,112.13333333332825,297,23,93,822.9999999999998,1085,5,10,4824,9,3,True
1,3,2,immediate-melee,lost,98.81666666666234,0,37,111,2126.000000000001,461,5,6,1072,11,4,True
1,3,2,banked-melee,won,53.79999999999823,535,21,63,203.448,793,4,8,4320,18,3,True
1,3,2,ranged-supported,won,69.38333333333068,535,18,78,307.16032000000007,1085,5,10,4824,10,3,True
1,3,2,heavy-supported,won,71.01666666666392,535,15,75,723.6582399999996,1085,5,10,4824,8,3,True
1,3,2,fixed-mixed,won,81.08333333333002,535,16,88,723.86272,1085,5,10,4824,8,3,True
1,3,2,threat-aware,won,54.749999999998174,535,13,63,381.47759999999994,793,4,8,4320,11,3,True
2,1,0,immediate-melee,won,122.63333333332766,203.29999999999995,34,102,2025.9500000000003,1266,5,10,51328,10,5,True
2,1,0,banked-melee,timeout,180.00000000003539,490,49,147,3460.8749999999995,754,5,8,14592,9,4,True
2,1,0,ranged-supported,won,56.81666666666472,490,11,47,260.842,1266,5,10,51328,8,4,True
2,1,0,heavy-supported,won,63.49999999999768,490,10,54,589.005,1266,5,10,51328,6,4,True
2,1,0,fixed-mixed,won,50.266666666665095,490,8,44,260.88,1174,4,8,45952,7,4,True
2,1,0,threat-aware,won,65.79999999999755,490,13,57,524.0000000000001,1266,5,10,51328,9,4,True
2,1,2,immediate-melee,won,101.9999999999955,882,38,114,1810.2500000000002,1266,5,10,51328,13,4,True
2,1,2,banked-melee,won,58.51666666666463,882,23,69,648.3699999999998,1266,5,10,51328,15,4,True
2,1,2,ranged-supported,won,51.26666666666504,882,14,60,202.536,1174,4,8,45952,12,4,True
2,1,2,heavy-supported,won,60.79999999999783,882,13,69,527.6479999999999,1266,5,10,51328,9,4,True
2,1,2,fixed-mixed,won,49.883333333331784,882,10,58,260.88,1174,4,8,45952,9,4,True
2,1,2,threat-aware,won,50.44999999999842,882,10,52,436.71200000000005,1174,4,8,45952,8,4,True
2,3,0,immediate-melee,lost,72.33333333333051,0,21,63,1980.9999999999998,672,5,5,7680,7,5,True
2,3,0,banked-melee,lost,73.2666666666638,0,21,63,1980.9999999999998,784,5,5,7680,8,5,True
2,3,0,ranged-supported,won,90.46666666666282,490,18,78,578,1818,5,10,55040,8,4,True
2,3,0,heavy-supported,won,112.04999999999492,490,18,90,1666.3799999999997,1818,5,10,55040,7,4,True
2,3,0,fixed-mixed,won,97.06666666666244,490,15,83,1184.1039999999998,1817.9999999999998,5,10,55040,7,4,True
2,3,0,threat-aware,won,131.8166666666637,253.12000000000015,27,109,1860.2599999999993,1818,5,10,55040,9,5,True
2,3,2,immediate-melee,lost,80.24999999999673,0,30,90,3012.0000000000014,816,5,6,9216,8,5,True
2,3,2,banked-melee,won,153.03333333334726,408.2399999999998,57,171,3506.5200000000023,1818,5,10,55040,15,5,True
2,3,2,ranged-supported,won,63.033333333331036,882,17,73,283.6576,1818,5,10,55040,13,4,True
2,3,2,heavy-supported,won,75.89999999999698,882,17,87,1272.1039999999998,1818.0000000000002,5,10,55040,9,4,True
2,3,2,fixed-mixed,won,62.999999999997705,882,12,66,696.6175999999999,1817.9999999999998,5,10,55040,8,4,True
2,3,2,threat-aware,won,75.08333333333036,882,18,86,1136.7999999999997,1818,5,10,55040,11,4,True
3,1,0,immediate-melee,won,170.2666666666943,237.4799999999998,47,141,5119.04,2017,5,10,579584,9,3,True
3,1,0,banked-melee,won,143.10000000000602,737.56,40,120,3774.5800000000013,2017,5,10,579584,10,3,True
3,1,0,ranged-supported,won,93.7333333333293,809,18,78,1223.4400000000005,2017,5,10,579584,7,3,True
3,1,0,heavy-supported,won,60.64999999999784,809,10,54,924.5199999999999,2017,5,10,579584,6,3,True
3,1,0,fixed-mixed,won,50.56666666666508,809,8,44,694.6959999999999,1797.0000000000002,4,8,548864,6,3,True
3,1,0,threat-aware,won,50.01666666666511,809,10,46,852.5840000000003,1797.0000000000002,4,8,548864,8,3,True
3,1,2,immediate-melee,won,37.58333333333248,1455,15,45,334.14,1277,3,6,483328,14,2,True
3,1,2,banked-melee,won,51.71666666666501,1455,20,60,720.736,1797,4,8,548864,15,3,True
3,1,2,ranged-supported,won,51.11666666666505,1455,14,60,488.61600000000004,1797,4,8,548864,11,3,True
3,1,2,heavy-supported,won,51.93333333333167,1455,12,60,603.296,1797.0000000000002,4,8,548864,9,3,True
3,1,2,fixed-mixed,won,49.94999999999845,1455,10,58,698.576,1797,4,8,548864,8,3,True
3,1,2,threat-aware,won,49.5833333333318,1455,11,51,701.808,1797.0000000000002,4,8,548864,9,2,True
3,3,0,immediate-melee,lost,66.03333333333087,0,19,57,3031.999999999998,474,5,3,46080,7,7,True
3,3,0,banked-melee,lost,73.76666666666377,0,21,63,3265.9999999999977,584,5,4,73216,8,6,True
3,3,0,ranged-supported,lost,75.0166666666637,0,15,65,2203.999999999999,1006,5,6,127488,5,4,True
3,3,0,heavy-supported,won,98.14999999999571,809,16,84,2257.420799999999,2904,5,10,628224,7,3,True
3,3,0,fixed-mixed,won,97.49999999999575,809,15,83,1780.8415999999995,2904.0000000000005,5,10,628224,7,4,True
3,3,0,threat-aware,lost,84.68333333332981,0,17,71,3363.999999999998,1223,5,7,154624,6,4,True
3,3,2,immediate-melee,lost,74.88333333333037,0,28,84,4731.000000000001,528,5,3,46080,9,7,True
3,3,2,banked-melee,lost,79.23333333333012,0,30,90,4965.000000000004,692,5,4,73216,11,6,True
3,3,2,ranged-supported,lost,84.89999999999647,0,22,94,3524.9999999999977,1428,5,6,127488,8,4,True
3,3,2,heavy-supported,won,76.93333333333025,1455,17,87,1858.5151999999994,2904.0000000000005,5,10,628224,9,3,True
3,3,2,fixed-mixed,won,77.73333333333021,1455,16,88,1677.9679999999994,2904.0000000000005,5,10,628224,8,4,True
3,3,2,threat-aware,won,85.74999999999642,1455,22,96,2181.967999999999,2904,5,10,628224,10,4,True
4,1,0,immediate-melee,won,40.966666666665624,1334,12,36,452.9100000000001,1979,3,5,4870144,11,2,True
4,1,0,banked-melee,won,48.33333333333187,1334,14,42,699.0200000000001,2410,4,8,5533696,12,3,True
4,1,0,ranged-supported,won,51.09999999999838,1334,10,42,581.9800000000001,2410,4,8,5533696,7,3,True
4,1,0,heavy-supported,won,53.48333333333158,1334,9,45,1022.5210000000002,2410,4,8,5533696,7,3,True
4,1,0,fixed-mixed,won,47.733333333331906,1334,8,44,618.1150000000001,2410,4,8,5533696,7,3,True
4,1,0,threat-aware,won,42.93333333333218,1334,8,38,448.0690000000001,1979,3,5,4870144,7,3,True
4,1,2,immediate-melee,won,37.499999999999154,2401,15,45,336.75500000000005,1979,3,5,4870144,15,2,True
4,1,2,banked-melee,won,47.383333333331926,2401,19,57,651.7850000000001,2410,4,8,5533696,17,3,True
4,1,2,ranged-supported,won,48.91666666666517,2401,13,55,569.065,2410,4,8,5533696,11,3,True
4,1,2,heavy-supported,won,48.13333333333188,2401,11,57,691.8760000000001,2410,4,8,5533696,9,3,True
4,1,2,fixed-mixed,won,42.76666666666552,2401,8,44,318.96,1979,3,5,4870144,7,3,True
4,1,2,threat-aware,won,41.4166666666656,2401,8,42,255.069,1979,3,5,4870144,8,2,True
4,3,0,immediate-melee,lost,73.89999999999709,0,21,63,5387.000000000001,915,5,3,442368,7,7,True
4,3,0,banked-melee,lost,100.74999999999557,0,28,84,6738.000000000001,3832,5,8,3403776,10,3,True
4,3,0,ranged-supported,lost,87.51666666666299,0,17,73,3955.0000000000023,1852.45,5,7,1363968,6,4,True
4,3,0,heavy-supported,won,91.54999999999609,1334,15,75,3730.7750399999995,4705,5,10,6803456,6,3,True
4,3,0,fixed-mixed,won,123.71666666666093,1334,18,102,4126.4198400000005,4704.999999999999,5,10,6803456,6,3,True
4,3,0,threat-aware,won,56.93333333333138,1334,11,51,1300.0367999999996,3472,4,8,6176768,8,3,True
4,3,2,immediate-melee,won,48.4166666666652,2401,19,57,1046.6688000000001,3472,4,8,6176768,16,2,True
4,3,2,banked-melee,won,54.2999999999982,2401,21,63,1046.6688000000001,3472,4,8,6176768,18,3,True
4,3,2,ranged-supported,won,92.33333333332938,2401,24,104,2578.6912,4704.999999999998,5,10,6803456,10,3,True
4,3,2,heavy-supported,won,56.11666666666476,2401,12,60,1191.1656,3472,4,8,6176768,9,3,True
4,3,2,fixed-mixed,won,53.54999999999824,2401,11,61,1194.6912,3472,4,8,6176768,8,3,True
4,3,2,threat-aware,won,50.266666666665095,2401,11,59,1046.7155200000002,3472,4,8,6176768,10,3,True
5,1,0,immediate-melee,lost,80.76666666666337,0,23,69,9515,1495,5,5,6881280,6,6,True
5,1,0,banked-melee,lost,94.09999999999594,0,27,81,10787.000000000004,3223,5,7,13139968,10,4,True
5,1,0,ranged-supported,won,148.71666666667716,50.2800000000002,28,120,7774.720000000005,6786,5,11,65241088,7,4,True
5,1,0,heavy-supported,won,57.899999999997995,2201,9,45,2238,5280,4,9,60424192,6,4,True
5,1,0,fixed-mixed,won,67.69999999999744,2201,10,58,3607.1920000000005,6786,5,11,65241088,6,4,True
5,1,0,threat-aware,won,50.18333333333177,2201,9,45,1443.4599999999998,5280,4,9,60424192,7,4,True
5,1,2,immediate-melee,lost,102.3833333333288,0,38,114,16046.00000000001,2274,5,7,11730944,10,4,True
5,1,2,banked-melee,won,54.84999999999817,3962,21,63,2381.1,5280,4,9,60424192,14,4,True
5,1,2,ranged-supported,won,53.44999999999825,3962,14,60,1252.208,5280,4,9,60424192,10,4,True
5,1,2,heavy-supported,won,52.69999999999829,3962,12,60,1645.84,5280,4,9,60424192,9,4,True
5,1,2,fixed-mixed,won,47.933333333331895,3962,9,53,1646.73,5280,4,9,60424192,8,4,True
5,1,2,threat-aware,won,41.699999999998916,3962,9,49,431.93,3866,3,7,54558720,9,4,True
5,3,0,immediate-melee,lost,68.88333333333071,0,20,60,8560.999999999995,2296,5,5,6881280,5,6,True
5,3,0,banked-melee,lost,75.649999999997,0,22,66,9196.999999999995,2150,5,5,6881280,8,6,True
5,3,0,ranged-supported,lost,69.11666666666403,0,14,60,5770.999999999999,2631,5,6,9306112,5,6,True
5,3,0,heavy-supported,won,116.64999999999466,2201,19,99,8243.097599999997,9768,5,11,73695232,7,4,True
5,3,0,fixed-mixed,won,116.01666666666137,2201,17,97,5905.999999999998,9768,5,11,73695232,6,4,True
5,3,0,threat-aware,lost,81.93333333332997,0,15,67,8412.999999999998,4926.599999999999,5,7,15794176,6,4,True
5,3,2,immediate-melee,lost,79.46666666666344,0,30,90,13502.000000000002,2223,5,5,6881280,7,6,True
5,3,2,banked-melee,lost,82.31666666666328,0,31,93,13820.000000000005,2442,5,5,6881280,11,6,True
5,3,2,ranged-supported,lost,109.88333333332838,0,28,120,11101.999999999998,5803.5,5,10,18972672,8,4,True
5,3,2,heavy-supported,won,70.99999999999726,3962,15,75,4417.008000000002,9767.999999999998,5,11,73695232,8,4,True
5,3,2,fixed-mixed,won,58.716666666664615,3962,12,66,3822.2947200000003,7599.999999999999,4,9,68878336,8,4,True
5,3,2,threat-aware,won,58.716666666664615,3962,14,68,3840.000000000001,7599.999999999999,4,9,68878336,10,4,True
0,1,0,no-deployment,lost,44.083333333332114,0,0,0,180,0,4,0,0,0,7,True
0,1,2,no-deployment,lost,51.283333333331704,0,0,0,324,0,4,0,0,0,7,True
1,1,0,no-deployment,lost,45.08333333333206,0,0,0,297,0,4,0,0,0,8,True
1,1,2,no-deployment,lost,51.93333333333167,0,0,0,535.0000000000002,0,4,0,0,0,8,True
2,1,0,no-deployment,lost,43.63333333333214,0,0,0,490,0,4,0,0,0,8,True
2,1,2,no-deployment,lost,51.73333333333168,0,0,0,882,0,4,0,0,0,8,True
3,1,0,no-deployment,lost,45.08333333333206,0,0,0,809.0000000000001,0,4,0,0,0,8,True
3,1,2,no-deployment,lost,52.69999999999829,0,0,0,1454.999999999999,0,4,0,0,0,8,True
4,1,0,no-deployment,lost,44.63333333333208,0,0,0,1334,0,4,0,0,0,8,True
4,1,2,no-deployment,lost,51.49999999999836,0,0,0,2400.9999999999995,0,4,0,0,0,8,True
5,1,0,no-deployment,lost,38.433333333332435,0,0,0,2201,0,3,0,0,0,7,True
5,1,2,no-deployment,lost,46.083333333332,0,0,0,3962,0,4,0,0,0,9,True
